{
  "project_info": {
    "project_number": "1008087050734",
    "firebase_url": "https://khajasangram-c54ca.firebaseio.com",
    "project_id": "khajasangram-c54ca",
    "storage_bucket": "khajasangram-c54ca.appspot.com"
  },
  "client": [
    {
      "client_info": {
        "mobilesdk_app_id": "1:1008087050734:android:0cd52310a5ad12df",
        "android_client_info": {
          "package_name": "com.example.khajasangram"
        }
      },
      "oauth_client": [
        {
          "client_id": "1008087050734-71jupmc0jcliejbqe7pu9b28ml9s346a.apps.googleusercontent.com",
          "client_type": 1,
          "android_info": {
            "package_name": "com.example.khajasangram",
            "certificate_hash": "f3650aed0ea6565ea71b2f71f17902ebd73239ec"
          }
        },
        {
          "client_id": "1008087050734-2qi0qvab1irfrtginssqumqebl6pqg7h.apps.googleusercontent.com",
          "client_type": 1,
          "android_info": {
            "package_name": "com.example.khajasangram",
            "certificate_hash": "e25da4749bd0b809449615b50a4b26b721dcc14d"
          }
        },
        {
          "client_id": "1008087050734-hrl9ij4bljhlrl0p9s0om12oojfl8t6v.apps.googleusercontent.com",
          "client_type": 3
        }
      ],
      "api_key": [
        {
          "current_key": "AIzaSyB2L-Z3pQ_CLxMHCtGRh5qsoswnYTrPeiI"
        }
      ],
      "services": {
        "appinvite_service": {
          "other_platform_oauth_client": [
            {
              "client_id": "1008087050734-hrl9ij4bljhlrl0p9s0om12oojfl8t6v.apps.googleusercontent.com",
              "client_type": 3
            }
          ]
        }
      }
    }
  ],
  "configuration_version": "1"
}